{
  "customer_id": "123456",
  "lyik_id": "LYIK001",
  "account_no": "987654321",
  "statement_from": "2023-01-01",
  "statement_to": "2023-12-31",
  "reason_for_request": "Annual financial review",
  "int_cert_from": 2022,
  "int_cert_to": 2023,
  "balance_confirmation": "Yes",
  "fd_balances": "Yes",
  "fd_no": "FD123456",
  "form16a_year": 2023,
  "cheque_no": "CH123456",
  "dispatch_mode": "Mail",
  "other_person_mobile_number": "9876543210",
  "mailing_address": "123 Main Street, Anytown, Country",
  "passbook_consent": "Yes",
  "deposit_number": "DP123456",
  "means_to_credit": "Own Account",
  "deposit_owner": "John Doe",
  "aadhaar_uid": "123412341234",
  "aadhaar_fullname": "John Doe",
  "digital_signature_type": "Email",
  "digital_signature_id": "johndoe@example.com",
  "submitter_phone": "9876543210",
  "submission_time": "2023-05-28T14:30:00Z",
  "receipt_url": "http://example.com/receipt"
}
